case,backend,included,n_samples,n_features,dtype,task,n_jobs,median_fit_time,min_fit_time,max_fit_time,repeats,max_case_ok,reason
reg_1f_deep_full,sklearn,True,60000,1,float32,regression,1,1.3137109180097468,1.2961402729852125,1.3332036770298146,3,True,
reg_1f_deep_full,sklearnex,True,60000,1,float32,regression,1,0.6063025659532286,0.6057374520460144,0.6163554479717277,3,True,
reg_12f_full_deep,sklearn,True,24000,12,float32,regression,1,3.6199452439905144,3.610853678022977,3.646285115974024,3,True,
reg_12f_full_deep,sklearnex,True,24000,12,float32,regression,1,2.5662295049987733,2.562431022990495,2.574717358977068,3,True,
reg_12f_shallow_bootstrap,sklearn,True,24000,12,float32,regression,1,1.6732686980394647,1.6695953640155494,1.6877493169740774,3,True,
reg_12f_shallow_bootstrap,sklearnex,True,24000,12,float32,regression,1,1.294732776004821,1.294237007969059,1.3234660240123048,3,True,
reg_80f_sqrt_leaf8,sklearn,True,9000,80,float32,regression,1,1.0167751039844006,1.015031724004075,1.0184014120022766,3,True,
reg_80f_sqrt_leaf8,sklearnex,True,9000,80,float32,regression,1,0.46560699201654643,0.4641758739599027,0.49171847401885316,3,True,
reg_12f_full_f64,sklearn,True,16000,12,float64,regression,1,2.295663475000765,2.2882604660117067,2.3395840309676714,3,True,
reg_12f_full_f64,sklearnex,True,16000,12,float64,regression,1,1.6676632839953527,1.664687140029855,1.6987945860018954,3,True,
clf_12f_full_deep,sklearn,True,28000,12,float32,classification,1,3.97530484496383,3.951756005990319,4.111659188987687,3,True,
clf_12f_full_deep,sklearnex,True,28000,12,float32,classification,1,2.6951366949942894,2.6879153620102443,2.7113957710098475,3,True,
clf_12f_shallow_bootstrap,sklearn,True,28000,12,float32,classification,1,2.296461623045616,2.288161386968568,2.318638288998045,3,True,
clf_12f_shallow_bootstrap,sklearnex,True,28000,12,float32,classification,1,1.7487025519949384,1.7417980440077372,1.7681347850011662,3,True,
clf_96f_sqrt_leaf8,sklearn,True,10000,96,float32,classification,1,1.538878533989191,1.53786196798319,1.5547678819857538,3,True,
clf_96f_sqrt_leaf8,sklearnex,True,10000,96,float32,classification,1,0.8443013879586942,0.8439271769602783,0.8491868239943869,3,True,
reg_24f_low_card,sklearn,True,30000,24,float32,regression,1,3.994405523990281,3.9873108610045165,4.024218000995461,3,True,
reg_24f_low_card,sklearnex,True,30000,24,float32,regression,1,1.2443761229515076,1.2245708990376443,1.247255990980193,3,True,
clf_24f_low_card,sklearn,True,30000,24,float32,classification,1,2.4922783030197024,2.476664946996607,2.4993032790371217,3,True,
clf_24f_low_card,sklearnex,True,30000,24,float32,classification,1,0.4815969080082141,0.47887856897432357,0.5121204020106234,3,True,
