case,backend,included,n_samples,n_features,original_dtype,forced_X_dtype,task,n_jobs,median_fit_time,min_fit_time,max_fit_time,variability_ratio,repeats,max_case_ok,reason
clf_12f_full_deep,sklearn_hist_255,True,28000,12,float32,float64,classification,1,0.7714266135008074,0.7631059300038032,0.7849661459913477,0.028337388942728803,10,True,
clf_12f_full_deep,sklearnex_255,True,28000,12,float32,float64,classification,1,0.5716925085289404,0.565138261008542,0.5924310589907691,0.04774034568417899,10,True,
clf_12f_shallow_bootstrap,sklearn_hist_255,True,28000,12,float32,float64,classification,1,0.3894358000252396,0.38447032700059935,0.43308475002413616,0.12483295839875551,10,True,
clf_12f_shallow_bootstrap,sklearnex_255,True,28000,12,float32,float64,classification,1,0.3057530674850568,0.30179846298415214,0.3093823610106483,0.024803996535102048,10,True,
clf_24f_low_card,sklearn_hist_255,True,30000,24,float32,float64,classification,1,0.7422430099977646,0.7008451549918391,0.8108816019957885,0.14824854599072726,10,True,
clf_24f_low_card,sklearnex_255,True,30000,24,float32,float64,classification,1,0.510106372035807,0.489081242994871,0.5768388290307485,0.17203781573173,10,True,
clf_96f_sqrt_leaf8,sklearn_hist_255,True,10000,96,float32,float64,classification,1,0.4182227374985814,0.4140179200330749,0.4336641289992258,0.046975468344108186,10,True,
clf_96f_sqrt_leaf8,sklearnex_255,True,10000,96,float32,float64,classification,1,0.2890950645087287,0.2874515900039114,0.30798583501018584,0.07102938627184498,10,True,
reg_12f_full_deep,sklearn_hist_255,True,24000,12,float32,float64,regression,1,1.791998856002465,1.7587492870516144,1.841406741994433,0.0461258413563993,10,True,
reg_12f_full_deep,sklearnex_255,True,24000,12,float32,float64,regression,1,1.2414783694548532,1.217537893971894,1.4878638330264948,0.21774518646934138,10,True,
reg_12f_full_f64,sklearn_hist_255,True,16000,12,float64,float64,regression,1,1.170218660030514,1.1546357810148038,1.1858463480020873,0.02667071381896243,10,True,
reg_12f_full_f64,sklearnex_255,True,16000,12,float64,float64,regression,1,0.7947018100239802,0.7824416130315512,0.8254966479726136,0.05417759768253597,10,True,
reg_12f_shallow_bootstrap,sklearn_hist_255,True,24000,12,float32,float64,regression,1,0.4477450404956471,0.39594961202237755,0.49662916304077953,0.22485910934256517,10,True,
reg_12f_shallow_bootstrap,sklearnex_255,True,24000,12,float32,float64,regression,1,0.30778091397951357,0.28716946399072185,0.4332390599884093,0.4745895192429316,10,True,
reg_1f_deep_full,sklearn_hist_255,True,60000,1,float32,float64,regression,1,0.1456338999851141,0.14409970300039276,0.1688767839805223,0.17013264756806015,10,True,
reg_1f_deep_full,sklearnex_255,True,60000,1,float32,float64,regression,1,0.09552964047179557,0.09410545398714021,0.12459947098977864,0.31921000489519863,10,True,
reg_24f_low_card,sklearn_hist_255,True,30000,24,float32,float64,regression,1,1.7676793090067804,1.6494509690091945,1.8211886020144448,0.09715429271033658,10,True,
reg_24f_low_card,sklearnex_255,True,30000,24,float32,float64,regression,1,1.272095680469647,1.259829718968831,1.4792703459970653,0.17250324043802953,10,True,
reg_80f_sqrt_leaf8,sklearn_hist_255,True,9000,80,float32,float64,regression,1,0.3111279305012431,0.30468838795786723,0.3529434640076943,0.15509721667252963,10,True,
reg_80f_sqrt_leaf8,sklearnex_255,True,9000,80,float32,float64,regression,1,0.16953396002645604,0.16766774898860604,0.19142636901233345,0.14014077191389765,10,True,
