commit,case_name,n_threads,repeat,duration
6c16e8553df3b15f48e41145d445e6eb11e3ec4b,uniform_no_nan_unweighted,172,1,0.2079214450204745
6c16e8553df3b15f48e41145d445e6eb11e3ec4b,uniform_no_nan_unweighted,172,2,0.19789348501944914
6c16e8553df3b15f48e41145d445e6eb11e3ec4b,uniform_no_nan_unweighted,172,3,0.1982332519837655
6c16e8553df3b15f48e41145d445e6eb11e3ec4b,uniform_no_nan_unweighted,172,4,0.19038725103018805
6c16e8553df3b15f48e41145d445e6eb11e3ec4b,uniform_no_nan_unweighted,172,5,0.2023344710469246
6c16e8553df3b15f48e41145d445e6eb11e3ec4b,uniform_no_nan_unweighted,172,6,0.18546754500130191
6c16e8553df3b15f48e41145d445e6eb11e3ec4b,uniform_no_nan_unweighted,172,7,0.19967722397996113
6c16e8553df3b15f48e41145d445e6eb11e3ec4b,uniform_no_nan_weighted,172,1,0.21816785202827305
6c16e8553df3b15f48e41145d445e6eb11e3ec4b,uniform_no_nan_weighted,172,2,0.20927879598457366
6c16e8553df3b15f48e41145d445e6eb11e3ec4b,uniform_no_nan_weighted,172,3,0.20553244900656864
6c16e8553df3b15f48e41145d445e6eb11e3ec4b,uniform_no_nan_weighted,172,4,0.21822199603775516
6c16e8553df3b15f48e41145d445e6eb11e3ec4b,uniform_no_nan_weighted,172,5,0.2159506480093114
6c16e8553df3b15f48e41145d445e6eb11e3ec4b,uniform_no_nan_weighted,172,6,0.2108201570226811
6c16e8553df3b15f48e41145d445e6eb11e3ec4b,uniform_no_nan_weighted,172,7,0.2066351649700664
6c16e8553df3b15f48e41145d445e6eb11e3ec4b,uniform_nan_unweighted,172,1,0.1961781500140205
6c16e8553df3b15f48e41145d445e6eb11e3ec4b,uniform_nan_unweighted,172,2,0.20039781200466678
6c16e8553df3b15f48e41145d445e6eb11e3ec4b,uniform_nan_unweighted,172,3,0.20591291203163564
6c16e8553df3b15f48e41145d445e6eb11e3ec4b,uniform_nan_unweighted,172,4,0.18957415904151276
6c16e8553df3b15f48e41145d445e6eb11e3ec4b,uniform_nan_unweighted,172,5,0.19561034097569063
6c16e8553df3b15f48e41145d445e6eb11e3ec4b,uniform_nan_unweighted,172,6,0.20382537401746958
6c16e8553df3b15f48e41145d445e6eb11e3ec4b,uniform_nan_unweighted,172,7,0.19373930402798578
6c16e8553df3b15f48e41145d445e6eb11e3ec4b,uniform_nan_weighted,172,1,0.21448587498161942
6c16e8553df3b15f48e41145d445e6eb11e3ec4b,uniform_nan_weighted,172,2,0.20443048898596317
6c16e8553df3b15f48e41145d445e6eb11e3ec4b,uniform_nan_weighted,172,3,0.21669438399840146
6c16e8553df3b15f48e41145d445e6eb11e3ec4b,uniform_nan_weighted,172,4,0.21943498402833939
6c16e8553df3b15f48e41145d445e6eb11e3ec4b,uniform_nan_weighted,172,5,0.21793163695838302
6c16e8553df3b15f48e41145d445e6eb11e3ec4b,uniform_nan_weighted,172,6,0.20793030195636675
6c16e8553df3b15f48e41145d445e6eb11e3ec4b,uniform_nan_weighted,172,7,0.2102154779713601
6c16e8553df3b15f48e41145d445e6eb11e3ec4b,long_tail_no_nan_unweighted,172,1,0.16627104196231812
6c16e8553df3b15f48e41145d445e6eb11e3ec4b,long_tail_no_nan_unweighted,172,2,0.1695613270276226
6c16e8553df3b15f48e41145d445e6eb11e3ec4b,long_tail_no_nan_unweighted,172,3,0.17099231603788212
6c16e8553df3b15f48e41145d445e6eb11e3ec4b,long_tail_no_nan_unweighted,172,4,0.1722413770039566
6c16e8553df3b15f48e41145d445e6eb11e3ec4b,long_tail_no_nan_unweighted,172,5,0.1741768729989417
6c16e8553df3b15f48e41145d445e6eb11e3ec4b,long_tail_no_nan_unweighted,172,6,0.17402838898124173
6c16e8553df3b15f48e41145d445e6eb11e3ec4b,long_tail_no_nan_unweighted,172,7,0.17412969598080963
6c16e8553df3b15f48e41145d445e6eb11e3ec4b,long_tail_no_nan_weighted,172,1,0.20266707299742848
6c16e8553df3b15f48e41145d445e6eb11e3ec4b,long_tail_no_nan_weighted,172,2,0.1889568420010619
6c16e8553df3b15f48e41145d445e6eb11e3ec4b,long_tail_no_nan_weighted,172,3,0.1912072430131957
6c16e8553df3b15f48e41145d445e6eb11e3ec4b,long_tail_no_nan_weighted,172,4,0.19610726000973955
6c16e8553df3b15f48e41145d445e6eb11e3ec4b,long_tail_no_nan_weighted,172,5,0.20033125497866422
6c16e8553df3b15f48e41145d445e6eb11e3ec4b,long_tail_no_nan_weighted,172,6,0.19693005498265848
6c16e8553df3b15f48e41145d445e6eb11e3ec4b,long_tail_no_nan_weighted,172,7,0.199858856969513
6c16e8553df3b15f48e41145d445e6eb11e3ec4b,long_tail_nan_unweighted,172,1,0.17199453798821196
6c16e8553df3b15f48e41145d445e6eb11e3ec4b,long_tail_nan_unweighted,172,2,0.16914355795597658
6c16e8553df3b15f48e41145d445e6eb11e3ec4b,long_tail_nan_unweighted,172,3,0.174571386014577
6c16e8553df3b15f48e41145d445e6eb11e3ec4b,long_tail_nan_unweighted,172,4,0.17496571398805827
6c16e8553df3b15f48e41145d445e6eb11e3ec4b,long_tail_nan_unweighted,172,5,0.1650081779807806
6c16e8553df3b15f48e41145d445e6eb11e3ec4b,long_tail_nan_unweighted,172,6,0.16907169204205275
6c16e8553df3b15f48e41145d445e6eb11e3ec4b,long_tail_nan_unweighted,172,7,0.17103095399215817
6c16e8553df3b15f48e41145d445e6eb11e3ec4b,long_tail_nan_weighted,172,1,0.20649561897153035
6c16e8553df3b15f48e41145d445e6eb11e3ec4b,long_tail_nan_weighted,172,2,0.2063991979812272
6c16e8553df3b15f48e41145d445e6eb11e3ec4b,long_tail_nan_weighted,172,3,0.21983815199928358
6c16e8553df3b15f48e41145d445e6eb11e3ec4b,long_tail_nan_weighted,172,4,0.2108820859575644
6c16e8553df3b15f48e41145d445e6eb11e3ec4b,long_tail_nan_weighted,172,5,0.21763288305373862
6c16e8553df3b15f48e41145d445e6eb11e3ec4b,long_tail_nan_weighted,172,6,0.2120163679937832
6c16e8553df3b15f48e41145d445e6eb11e3ec4b,long_tail_nan_weighted,172,7,0.20903583901235834
6c16e8553df3b15f48e41145d445e6eb11e3ec4b,binary_no_nan_unweighted,172,1,0.1879016039893031
6c16e8553df3b15f48e41145d445e6eb11e3ec4b,binary_no_nan_unweighted,172,2,0.17388316500000656
6c16e8553df3b15f48e41145d445e6eb11e3ec4b,binary_no_nan_unweighted,172,3,0.16489238798385486
6c16e8553df3b15f48e41145d445e6eb11e3ec4b,binary_no_nan_unweighted,172,4,0.1717784790089354
6c16e8553df3b15f48e41145d445e6eb11e3ec4b,binary_no_nan_unweighted,172,5,0.17302438605111092
6c16e8553df3b15f48e41145d445e6eb11e3ec4b,binary_no_nan_unweighted,172,6,0.1695911549613811
6c16e8553df3b15f48e41145d445e6eb11e3ec4b,binary_no_nan_unweighted,172,7,0.1729664240265265
6c16e8553df3b15f48e41145d445e6eb11e3ec4b,binary_no_nan_weighted,172,1,0.19952859700424597
6c16e8553df3b15f48e41145d445e6eb11e3ec4b,binary_no_nan_weighted,172,2,0.1960416089859791
6c16e8553df3b15f48e41145d445e6eb11e3ec4b,binary_no_nan_weighted,172,3,0.20954907598206773
6c16e8553df3b15f48e41145d445e6eb11e3ec4b,binary_no_nan_weighted,172,4,0.19605349202174693
6c16e8553df3b15f48e41145d445e6eb11e3ec4b,binary_no_nan_weighted,172,5,0.19221977499546483
6c16e8553df3b15f48e41145d445e6eb11e3ec4b,binary_no_nan_weighted,172,6,0.20947319903643802
6c16e8553df3b15f48e41145d445e6eb11e3ec4b,binary_no_nan_weighted,172,7,0.2010741009726189
6c16e8553df3b15f48e41145d445e6eb11e3ec4b,binary_nan_unweighted,172,1,0.1651196790044196
6c16e8553df3b15f48e41145d445e6eb11e3ec4b,binary_nan_unweighted,172,2,0.16879536502528936
6c16e8553df3b15f48e41145d445e6eb11e3ec4b,binary_nan_unweighted,172,3,0.18164058995898813
6c16e8553df3b15f48e41145d445e6eb11e3ec4b,binary_nan_unweighted,172,4,0.1792762780096382
6c16e8553df3b15f48e41145d445e6eb11e3ec4b,binary_nan_unweighted,172,5,0.17278570297639817
6c16e8553df3b15f48e41145d445e6eb11e3ec4b,binary_nan_unweighted,172,6,0.17355857702204958
6c16e8553df3b15f48e41145d445e6eb11e3ec4b,binary_nan_unweighted,172,7,0.1737585529917851
6c16e8553df3b15f48e41145d445e6eb11e3ec4b,binary_nan_weighted,172,1,0.20981977303745225
6c16e8553df3b15f48e41145d445e6eb11e3ec4b,binary_nan_weighted,172,2,0.20340754301287234
6c16e8553df3b15f48e41145d445e6eb11e3ec4b,binary_nan_weighted,172,3,0.20454447204247117
6c16e8553df3b15f48e41145d445e6eb11e3ec4b,binary_nan_weighted,172,4,0.2136696460074745
6c16e8553df3b15f48e41145d445e6eb11e3ec4b,binary_nan_weighted,172,5,0.2138084809994325
6c16e8553df3b15f48e41145d445e6eb11e3ec4b,binary_nan_weighted,172,6,0.2105311899795197
6c16e8553df3b15f48e41145d445e6eb11e3ec4b,binary_nan_weighted,172,7,0.20887970901094377
6c16e8553df3b15f48e41145d445e6eb11e3ec4b,uniform_no_nan_unweighted,1,1,0.09313031798228621
6c16e8553df3b15f48e41145d445e6eb11e3ec4b,uniform_no_nan_unweighted,1,2,0.09398255299311131
6c16e8553df3b15f48e41145d445e6eb11e3ec4b,uniform_no_nan_unweighted,1,3,0.09532061597565189
6c16e8553df3b15f48e41145d445e6eb11e3ec4b,uniform_no_nan_unweighted,1,4,0.09062167402589694
6c16e8553df3b15f48e41145d445e6eb11e3ec4b,uniform_no_nan_unweighted,1,5,0.09227624500636011
6c16e8553df3b15f48e41145d445e6eb11e3ec4b,uniform_no_nan_unweighted,1,6,0.09052893100306392
6c16e8553df3b15f48e41145d445e6eb11e3ec4b,uniform_no_nan_unweighted,1,7,0.09491018101107329
6c16e8553df3b15f48e41145d445e6eb11e3ec4b,uniform_no_nan_weighted,1,1,0.20572507905308157
6c16e8553df3b15f48e41145d445e6eb11e3ec4b,uniform_no_nan_weighted,1,2,0.20679426396964118
6c16e8553df3b15f48e41145d445e6eb11e3ec4b,uniform_no_nan_weighted,1,3,0.21655470400583
6c16e8553df3b15f48e41145d445e6eb11e3ec4b,uniform_no_nan_weighted,1,4,0.20856842602370307
6c16e8553df3b15f48e41145d445e6eb11e3ec4b,uniform_no_nan_weighted,1,5,0.2142363390303217
6c16e8553df3b15f48e41145d445e6eb11e3ec4b,uniform_no_nan_weighted,1,6,0.2198668309720233
6c16e8553df3b15f48e41145d445e6eb11e3ec4b,uniform_no_nan_weighted,1,7,0.2191336719552055
6c16e8553df3b15f48e41145d445e6eb11e3ec4b,uniform_nan_unweighted,1,1,0.08429277397226542
6c16e8553df3b15f48e41145d445e6eb11e3ec4b,uniform_nan_unweighted,1,2,0.08555838605388999
6c16e8553df3b15f48e41145d445e6eb11e3ec4b,uniform_nan_unweighted,1,3,0.08799754799110815
6c16e8553df3b15f48e41145d445e6eb11e3ec4b,uniform_nan_unweighted,1,4,0.08614683797350153
6c16e8553df3b15f48e41145d445e6eb11e3ec4b,uniform_nan_unweighted,1,5,0.08518777403514832
6c16e8553df3b15f48e41145d445e6eb11e3ec4b,uniform_nan_unweighted,1,6,0.08441931701963767
6c16e8553df3b15f48e41145d445e6eb11e3ec4b,uniform_nan_unweighted,1,7,0.08348533202661201
6c16e8553df3b15f48e41145d445e6eb11e3ec4b,uniform_nan_weighted,1,1,0.1463765799999237
6c16e8553df3b15f48e41145d445e6eb11e3ec4b,uniform_nan_weighted,1,2,0.14774550503352657
6c16e8553df3b15f48e41145d445e6eb11e3ec4b,uniform_nan_weighted,1,3,0.1501857609837316
6c16e8553df3b15f48e41145d445e6eb11e3ec4b,uniform_nan_weighted,1,4,0.1485526900505647
6c16e8553df3b15f48e41145d445e6eb11e3ec4b,uniform_nan_weighted,1,5,0.15239674999611452
6c16e8553df3b15f48e41145d445e6eb11e3ec4b,uniform_nan_weighted,1,6,0.1465127929695882
6c16e8553df3b15f48e41145d445e6eb11e3ec4b,uniform_nan_weighted,1,7,0.1541688930010423
6c16e8553df3b15f48e41145d445e6eb11e3ec4b,long_tail_no_nan_unweighted,1,1,0.05501479998929426
6c16e8553df3b15f48e41145d445e6eb11e3ec4b,long_tail_no_nan_unweighted,1,2,0.055395057948771864
6c16e8553df3b15f48e41145d445e6eb11e3ec4b,long_tail_no_nan_unweighted,1,3,0.05497391801327467
6c16e8553df3b15f48e41145d445e6eb11e3ec4b,long_tail_no_nan_unweighted,1,4,0.05466553900623694
6c16e8553df3b15f48e41145d445e6eb11e3ec4b,long_tail_no_nan_unweighted,1,5,0.05287991795921698
6c16e8553df3b15f48e41145d445e6eb11e3ec4b,long_tail_no_nan_unweighted,1,6,0.05159358400851488
6c16e8553df3b15f48e41145d445e6eb11e3ec4b,long_tail_no_nan_unweighted,1,7,0.0536631959839724
6c16e8553df3b15f48e41145d445e6eb11e3ec4b,long_tail_no_nan_weighted,1,1,0.1042310040211305
6c16e8553df3b15f48e41145d445e6eb11e3ec4b,long_tail_no_nan_weighted,1,2,0.11018465500092134
6c16e8553df3b15f48e41145d445e6eb11e3ec4b,long_tail_no_nan_weighted,1,3,0.10569830401800573
6c16e8553df3b15f48e41145d445e6eb11e3ec4b,long_tail_no_nan_weighted,1,4,0.09636202402180061
6c16e8553df3b15f48e41145d445e6eb11e3ec4b,long_tail_no_nan_weighted,1,5,0.09891872300067917
6c16e8553df3b15f48e41145d445e6eb11e3ec4b,long_tail_no_nan_weighted,1,6,0.09822626796085387
6c16e8553df3b15f48e41145d445e6eb11e3ec4b,long_tail_no_nan_weighted,1,7,0.10386334400391206
6c16e8553df3b15f48e41145d445e6eb11e3ec4b,long_tail_nan_unweighted,1,1,0.045189150026999414
6c16e8553df3b15f48e41145d445e6eb11e3ec4b,long_tail_nan_unweighted,1,2,0.042522785952314734
6c16e8553df3b15f48e41145d445e6eb11e3ec4b,long_tail_nan_unweighted,1,3,0.04118692397605628
6c16e8553df3b15f48e41145d445e6eb11e3ec4b,long_tail_nan_unweighted,1,4,0.04175961000146344
6c16e8553df3b15f48e41145d445e6eb11e3ec4b,long_tail_nan_unweighted,1,5,0.042022556997835636
6c16e8553df3b15f48e41145d445e6eb11e3ec4b,long_tail_nan_unweighted,1,6,0.04260177299147472
6c16e8553df3b15f48e41145d445e6eb11e3ec4b,long_tail_nan_unweighted,1,7,0.041623976023402065
6c16e8553df3b15f48e41145d445e6eb11e3ec4b,long_tail_nan_weighted,1,1,0.1022167339688167
6c16e8553df3b15f48e41145d445e6eb11e3ec4b,long_tail_nan_weighted,1,2,0.09607019100803882
6c16e8553df3b15f48e41145d445e6eb11e3ec4b,long_tail_nan_weighted,1,3,0.10302961594425142
6c16e8553df3b15f48e41145d445e6eb11e3ec4b,long_tail_nan_weighted,1,4,0.09986507904250175
6c16e8553df3b15f48e41145d445e6eb11e3ec4b,long_tail_nan_weighted,1,5,0.09907712100539356
6c16e8553df3b15f48e41145d445e6eb11e3ec4b,long_tail_nan_weighted,1,6,0.09859511902322993
6c16e8553df3b15f48e41145d445e6eb11e3ec4b,long_tail_nan_weighted,1,7,0.09952237398829311
6c16e8553df3b15f48e41145d445e6eb11e3ec4b,binary_no_nan_unweighted,1,1,0.0347343260073103
6c16e8553df3b15f48e41145d445e6eb11e3ec4b,binary_no_nan_unweighted,1,2,0.03480869601480663
6c16e8553df3b15f48e41145d445e6eb11e3ec4b,binary_no_nan_unweighted,1,3,0.034436782996635884
6c16e8553df3b15f48e41145d445e6eb11e3ec4b,binary_no_nan_unweighted,1,4,0.03468122496269643
6c16e8553df3b15f48e41145d445e6eb11e3ec4b,binary_no_nan_unweighted,1,5,0.0348485519643873
6c16e8553df3b15f48e41145d445e6eb11e3ec4b,binary_no_nan_unweighted,1,6,0.03618051600642502
6c16e8553df3b15f48e41145d445e6eb11e3ec4b,binary_no_nan_unweighted,1,7,0.03492177801672369
6c16e8553df3b15f48e41145d445e6eb11e3ec4b,binary_no_nan_weighted,1,1,0.12072961701778695
6c16e8553df3b15f48e41145d445e6eb11e3ec4b,binary_no_nan_weighted,1,2,0.12018908001482487
6c16e8553df3b15f48e41145d445e6eb11e3ec4b,binary_no_nan_weighted,1,3,0.11394292500335723
6c16e8553df3b15f48e41145d445e6eb11e3ec4b,binary_no_nan_weighted,1,4,0.11364587396383286
6c16e8553df3b15f48e41145d445e6eb11e3ec4b,binary_no_nan_weighted,1,5,0.11971585603896528
6c16e8553df3b15f48e41145d445e6eb11e3ec4b,binary_no_nan_weighted,1,6,0.12075332901440561
6c16e8553df3b15f48e41145d445e6eb11e3ec4b,binary_no_nan_weighted,1,7,0.10728117998223752
6c16e8553df3b15f48e41145d445e6eb11e3ec4b,binary_nan_unweighted,1,1,0.03622509998967871
6c16e8553df3b15f48e41145d445e6eb11e3ec4b,binary_nan_unweighted,1,2,0.03532080096192658
6c16e8553df3b15f48e41145d445e6eb11e3ec4b,binary_nan_unweighted,1,3,0.03541653003776446
6c16e8553df3b15f48e41145d445e6eb11e3ec4b,binary_nan_unweighted,1,4,0.0367171160178259
6c16e8553df3b15f48e41145d445e6eb11e3ec4b,binary_nan_unweighted,1,5,0.035642812959849834
6c16e8553df3b15f48e41145d445e6eb11e3ec4b,binary_nan_unweighted,1,6,0.035392391961067915
6c16e8553df3b15f48e41145d445e6eb11e3ec4b,binary_nan_unweighted,1,7,0.03600533300777897
6c16e8553df3b15f48e41145d445e6eb11e3ec4b,binary_nan_weighted,1,1,0.07561871403595433
6c16e8553df3b15f48e41145d445e6eb11e3ec4b,binary_nan_weighted,1,2,0.07568373600952327
6c16e8553df3b15f48e41145d445e6eb11e3ec4b,binary_nan_weighted,1,3,0.07579480699496344
6c16e8553df3b15f48e41145d445e6eb11e3ec4b,binary_nan_weighted,1,4,0.07623832998797297
6c16e8553df3b15f48e41145d445e6eb11e3ec4b,binary_nan_weighted,1,5,0.07525996101321653
6c16e8553df3b15f48e41145d445e6eb11e3ec4b,binary_nan_weighted,1,6,0.07574202201794833
6c16e8553df3b15f48e41145d445e6eb11e3ec4b,binary_nan_weighted,1,7,0.0759391330066137
6c16e8553df3b15f48e41145d445e6eb11e3ec4b,uniform_no_nan_unweighted,8,1,0.09150138695258647
6c16e8553df3b15f48e41145d445e6eb11e3ec4b,uniform_no_nan_unweighted,8,2,0.06849777500610799
6c16e8553df3b15f48e41145d445e6eb11e3ec4b,uniform_no_nan_unweighted,8,3,0.09204126399708912
6c16e8553df3b15f48e41145d445e6eb11e3ec4b,uniform_no_nan_unweighted,8,4,0.07840448804199696
6c16e8553df3b15f48e41145d445e6eb11e3ec4b,uniform_no_nan_unweighted,8,5,0.08560999797191471
6c16e8553df3b15f48e41145d445e6eb11e3ec4b,uniform_no_nan_unweighted,8,6,0.08032282802741975
6c16e8553df3b15f48e41145d445e6eb11e3ec4b,uniform_no_nan_unweighted,8,7,0.07514235895359889
6c16e8553df3b15f48e41145d445e6eb11e3ec4b,uniform_no_nan_weighted,8,1,0.1004225789802149
6c16e8553df3b15f48e41145d445e6eb11e3ec4b,uniform_no_nan_weighted,8,2,0.08571818697964773
6c16e8553df3b15f48e41145d445e6eb11e3ec4b,uniform_no_nan_weighted,8,3,0.07436905696522444
6c16e8553df3b15f48e41145d445e6eb11e3ec4b,uniform_no_nan_weighted,8,4,0.10157205100404099
6c16e8553df3b15f48e41145d445e6eb11e3ec4b,uniform_no_nan_weighted,8,5,0.09352856798795983
6c16e8553df3b15f48e41145d445e6eb11e3ec4b,uniform_no_nan_weighted,8,6,0.08311458700336516
6c16e8553df3b15f48e41145d445e6eb11e3ec4b,uniform_no_nan_weighted,8,7,0.0898054110002704
6c16e8553df3b15f48e41145d445e6eb11e3ec4b,uniform_nan_unweighted,8,1,0.08124691102420911
6c16e8553df3b15f48e41145d445e6eb11e3ec4b,uniform_nan_unweighted,8,2,0.0807930079754442
6c16e8553df3b15f48e41145d445e6eb11e3ec4b,uniform_nan_unweighted,8,3,0.07855013298103586
6c16e8553df3b15f48e41145d445e6eb11e3ec4b,uniform_nan_unweighted,8,4,0.06343037995975465
6c16e8553df3b15f48e41145d445e6eb11e3ec4b,uniform_nan_unweighted,8,5,0.07802623504539952
6c16e8553df3b15f48e41145d445e6eb11e3ec4b,uniform_nan_unweighted,8,6,0.09460972697706893
6c16e8553df3b15f48e41145d445e6eb11e3ec4b,uniform_nan_unweighted,8,7,0.08101075899321586
6c16e8553df3b15f48e41145d445e6eb11e3ec4b,uniform_nan_weighted,8,1,0.09374569798819721
6c16e8553df3b15f48e41145d445e6eb11e3ec4b,uniform_nan_weighted,8,2,0.07346696604508907
6c16e8553df3b15f48e41145d445e6eb11e3ec4b,uniform_nan_weighted,8,3,0.07845414499752223
6c16e8553df3b15f48e41145d445e6eb11e3ec4b,uniform_nan_weighted,8,4,0.08618025301257148
6c16e8553df3b15f48e41145d445e6eb11e3ec4b,uniform_nan_weighted,8,5,0.07561489701038226
6c16e8553df3b15f48e41145d445e6eb11e3ec4b,uniform_nan_weighted,8,6,0.10271224204916507
6c16e8553df3b15f48e41145d445e6eb11e3ec4b,uniform_nan_weighted,8,7,0.09078544599469751
6c16e8553df3b15f48e41145d445e6eb11e3ec4b,long_tail_no_nan_unweighted,8,1,0.052230911038350314
6c16e8553df3b15f48e41145d445e6eb11e3ec4b,long_tail_no_nan_unweighted,8,2,0.065157191012986
6c16e8553df3b15f48e41145d445e6eb11e3ec4b,long_tail_no_nan_unweighted,8,3,0.05800126004032791
6c16e8553df3b15f48e41145d445e6eb11e3ec4b,long_tail_no_nan_unweighted,8,4,0.05804018204798922
6c16e8553df3b15f48e41145d445e6eb11e3ec4b,long_tail_no_nan_unweighted,8,5,0.04607560101430863
6c16e8553df3b15f48e41145d445e6eb11e3ec4b,long_tail_no_nan_unweighted,8,6,0.0379401869722642
6c16e8553df3b15f48e41145d445e6eb11e3ec4b,long_tail_no_nan_unweighted,8,7,0.049246531969401985
6c16e8553df3b15f48e41145d445e6eb11e3ec4b,long_tail_no_nan_weighted,8,1,0.07510147703578696
6c16e8553df3b15f48e41145d445e6eb11e3ec4b,long_tail_no_nan_weighted,8,2,0.07245204300852492
6c16e8553df3b15f48e41145d445e6eb11e3ec4b,long_tail_no_nan_weighted,8,3,0.0895808269851841
6c16e8553df3b15f48e41145d445e6eb11e3ec4b,long_tail_no_nan_weighted,8,4,0.08673970703966916
6c16e8553df3b15f48e41145d445e6eb11e3ec4b,long_tail_no_nan_weighted,8,5,0.07964104099664837
6c16e8553df3b15f48e41145d445e6eb11e3ec4b,long_tail_no_nan_weighted,8,6,0.0675284470198676
6c16e8553df3b15f48e41145d445e6eb11e3ec4b,long_tail_no_nan_weighted,8,7,0.07893290399806574
6c16e8553df3b15f48e41145d445e6eb11e3ec4b,long_tail_nan_unweighted,8,1,0.05389785801526159
6c16e8553df3b15f48e41145d445e6eb11e3ec4b,long_tail_nan_unweighted,8,2,0.052781948004849255
6c16e8553df3b15f48e41145d445e6eb11e3ec4b,long_tail_nan_unweighted,8,3,0.05304252402856946
6c16e8553df3b15f48e41145d445e6eb11e3ec4b,long_tail_nan_unweighted,8,4,0.04330813401611522
6c16e8553df3b15f48e41145d445e6eb11e3ec4b,long_tail_nan_unweighted,8,5,0.0432796020177193
6c16e8553df3b15f48e41145d445e6eb11e3ec4b,long_tail_nan_unweighted,8,6,0.051606277003884315
6c16e8553df3b15f48e41145d445e6eb11e3ec4b,long_tail_nan_unweighted,8,7,0.060902505996637046
6c16e8553df3b15f48e41145d445e6eb11e3ec4b,long_tail_nan_weighted,8,1,0.08626902801916003
6c16e8553df3b15f48e41145d445e6eb11e3ec4b,long_tail_nan_weighted,8,2,0.0786215080297552
6c16e8553df3b15f48e41145d445e6eb11e3ec4b,long_tail_nan_weighted,8,3,0.09389511297922581
6c16e8553df3b15f48e41145d445e6eb11e3ec4b,long_tail_nan_weighted,8,4,0.08593017695238814
6c16e8553df3b15f48e41145d445e6eb11e3ec4b,long_tail_nan_weighted,8,5,0.08454066002741456
6c16e8553df3b15f48e41145d445e6eb11e3ec4b,long_tail_nan_weighted,8,6,0.08534420997602865
6c16e8553df3b15f48e41145d445e6eb11e3ec4b,long_tail_nan_weighted,8,7,0.09110242204042152
6c16e8553df3b15f48e41145d445e6eb11e3ec4b,binary_no_nan_unweighted,8,1,0.05327787500573322
6c16e8553df3b15f48e41145d445e6eb11e3ec4b,binary_no_nan_unweighted,8,2,0.045708526973612607
6c16e8553df3b15f48e41145d445e6eb11e3ec4b,binary_no_nan_unweighted,8,3,0.05586624500574544
6c16e8553df3b15f48e41145d445e6eb11e3ec4b,binary_no_nan_unweighted,8,4,0.06018308998318389
6c16e8553df3b15f48e41145d445e6eb11e3ec4b,binary_no_nan_unweighted,8,5,0.06557891797274351
6c16e8553df3b15f48e41145d445e6eb11e3ec4b,binary_no_nan_unweighted,8,6,0.058017717965412885
6c16e8553df3b15f48e41145d445e6eb11e3ec4b,binary_no_nan_unweighted,8,7,0.03900555201107636
6c16e8553df3b15f48e41145d445e6eb11e3ec4b,binary_no_nan_weighted,8,1,0.08364093099953607
6c16e8553df3b15f48e41145d445e6eb11e3ec4b,binary_no_nan_weighted,8,2,0.08902774401940405
6c16e8553df3b15f48e41145d445e6eb11e3ec4b,binary_no_nan_weighted,8,3,0.08592360198963434
6c16e8553df3b15f48e41145d445e6eb11e3ec4b,binary_no_nan_weighted,8,4,0.0668525620130822
6c16e8553df3b15f48e41145d445e6eb11e3ec4b,binary_no_nan_weighted,8,5,0.09745693299919367
6c16e8553df3b15f48e41145d445e6eb11e3ec4b,binary_no_nan_weighted,8,6,0.0876939800218679
6c16e8553df3b15f48e41145d445e6eb11e3ec4b,binary_no_nan_weighted,8,7,0.07802064099814743
6c16e8553df3b15f48e41145d445e6eb11e3ec4b,binary_nan_unweighted,8,1,0.0682196170091629
6c16e8553df3b15f48e41145d445e6eb11e3ec4b,binary_nan_unweighted,8,2,0.05626792396651581
6c16e8553df3b15f48e41145d445e6eb11e3ec4b,binary_nan_unweighted,8,3,0.06600690598133951
6c16e8553df3b15f48e41145d445e6eb11e3ec4b,binary_nan_unweighted,8,4,0.0524336289963685
6c16e8553df3b15f48e41145d445e6eb11e3ec4b,binary_nan_unweighted,8,5,0.039570149034261703
6c16e8553df3b15f48e41145d445e6eb11e3ec4b,binary_nan_unweighted,8,6,0.0503644390264526
6c16e8553df3b15f48e41145d445e6eb11e3ec4b,binary_nan_unweighted,8,7,0.061918441962916404
6c16e8553df3b15f48e41145d445e6eb11e3ec4b,binary_nan_weighted,8,1,0.0882208360126242
6c16e8553df3b15f48e41145d445e6eb11e3ec4b,binary_nan_weighted,8,2,0.06321956199826673
6c16e8553df3b15f48e41145d445e6eb11e3ec4b,binary_nan_weighted,8,3,0.09202398400520906
6c16e8553df3b15f48e41145d445e6eb11e3ec4b,binary_nan_weighted,8,4,0.08143385604489595
6c16e8553df3b15f48e41145d445e6eb11e3ec4b,binary_nan_weighted,8,5,0.09702365600969642
6c16e8553df3b15f48e41145d445e6eb11e3ec4b,binary_nan_weighted,8,6,0.08317404502304271
6c16e8553df3b15f48e41145d445e6eb11e3ec4b,binary_nan_weighted,8,7,0.086710529983975
59335ca6734e2c43fa157e3c22c99a7adb50be61,uniform_no_nan_unweighted,1,1,0.22845379495993257
59335ca6734e2c43fa157e3c22c99a7adb50be61,uniform_no_nan_unweighted,1,2,0.22707864397671074
59335ca6734e2c43fa157e3c22c99a7adb50be61,uniform_no_nan_unweighted,1,3,0.22930110595189035
59335ca6734e2c43fa157e3c22c99a7adb50be61,uniform_no_nan_unweighted,1,4,0.2312968330224976
59335ca6734e2c43fa157e3c22c99a7adb50be61,uniform_no_nan_unweighted,1,5,0.22806806297739968
59335ca6734e2c43fa157e3c22c99a7adb50be61,uniform_no_nan_unweighted,1,6,0.23015932401176542
59335ca6734e2c43fa157e3c22c99a7adb50be61,uniform_no_nan_unweighted,1,7,0.22712734300876036
59335ca6734e2c43fa157e3c22c99a7adb50be61,uniform_no_nan_unweighted,1,1,0.22788872895762324
59335ca6734e2c43fa157e3c22c99a7adb50be61,uniform_no_nan_unweighted,1,2,0.226819328032434
59335ca6734e2c43fa157e3c22c99a7adb50be61,uniform_no_nan_unweighted,1,3,0.2309089619666338
59335ca6734e2c43fa157e3c22c99a7adb50be61,uniform_no_nan_unweighted,1,4,0.22729569399962202
59335ca6734e2c43fa157e3c22c99a7adb50be61,uniform_no_nan_unweighted,1,5,0.22789853002177551
59335ca6734e2c43fa157e3c22c99a7adb50be61,uniform_no_nan_unweighted,1,6,0.22718256199732423
59335ca6734e2c43fa157e3c22c99a7adb50be61,uniform_no_nan_unweighted,1,7,0.22720125899650156
59335ca6734e2c43fa157e3c22c99a7adb50be61,uniform_no_nan_weighted,1,1,16.149250546004623
59335ca6734e2c43fa157e3c22c99a7adb50be61,uniform_nan_unweighted,1,1,0.16198321396950632
59335ca6734e2c43fa157e3c22c99a7adb50be61,uniform_nan_unweighted,1,2,0.16258077800739557
59335ca6734e2c43fa157e3c22c99a7adb50be61,uniform_nan_unweighted,1,3,0.1634060590295121
59335ca6734e2c43fa157e3c22c99a7adb50be61,uniform_nan_unweighted,1,4,0.16499297798145562
59335ca6734e2c43fa157e3c22c99a7adb50be61,uniform_nan_unweighted,1,5,0.16229119000490755
59335ca6734e2c43fa157e3c22c99a7adb50be61,uniform_nan_unweighted,1,6,0.15851912897778675
59335ca6734e2c43fa157e3c22c99a7adb50be61,uniform_nan_unweighted,1,7,0.16194308805279434
59335ca6734e2c43fa157e3c22c99a7adb50be61,uniform_nan_weighted,1,1,7.9920524539775215
59335ca6734e2c43fa157e3c22c99a7adb50be61,uniform_nan_weighted,1,2,7.994912916969042
59335ca6734e2c43fa157e3c22c99a7adb50be61,long_tail_no_nan_unweighted,1,1,0.12031352799385786
59335ca6734e2c43fa157e3c22c99a7adb50be61,long_tail_no_nan_unweighted,1,2,0.11715653300052509
59335ca6734e2c43fa157e3c22c99a7adb50be61,long_tail_no_nan_unweighted,1,3,0.11783873301465064
59335ca6734e2c43fa157e3c22c99a7adb50be61,long_tail_no_nan_unweighted,1,4,0.1123657000134699
59335ca6734e2c43fa157e3c22c99a7adb50be61,long_tail_no_nan_unweighted,1,5,0.11515662999590859
59335ca6734e2c43fa157e3c22c99a7adb50be61,long_tail_no_nan_unweighted,1,6,0.11551874602446333
59335ca6734e2c43fa157e3c22c99a7adb50be61,long_tail_no_nan_unweighted,1,7,0.11435712495585904
59335ca6734e2c43fa157e3c22c99a7adb50be61,long_tail_no_nan_weighted,1,1,0.09011629497399554
59335ca6734e2c43fa157e3c22c99a7adb50be61,long_tail_no_nan_weighted,1,2,0.08962621696991846
59335ca6734e2c43fa157e3c22c99a7adb50be61,long_tail_no_nan_weighted,1,3,0.09056945703923702
59335ca6734e2c43fa157e3c22c99a7adb50be61,long_tail_no_nan_weighted,1,4,0.0895415970007889
59335ca6734e2c43fa157e3c22c99a7adb50be61,long_tail_no_nan_weighted,1,5,0.08979801402892917
59335ca6734e2c43fa157e3c22c99a7adb50be61,long_tail_no_nan_weighted,1,6,0.09040107601322234
59335ca6734e2c43fa157e3c22c99a7adb50be61,long_tail_no_nan_weighted,1,7,0.08972450596047565
59335ca6734e2c43fa157e3c22c99a7adb50be61,long_tail_nan_unweighted,1,1,0.08384905400453135
59335ca6734e2c43fa157e3c22c99a7adb50be61,long_tail_nan_unweighted,1,2,0.08423027099343017
59335ca6734e2c43fa157e3c22c99a7adb50be61,long_tail_nan_unweighted,1,3,0.08466173795750365
59335ca6734e2c43fa157e3c22c99a7adb50be61,long_tail_nan_unweighted,1,4,0.08579925703816116
59335ca6734e2c43fa157e3c22c99a7adb50be61,long_tail_nan_unweighted,1,5,0.08388776902575046
59335ca6734e2c43fa157e3c22c99a7adb50be61,long_tail_nan_unweighted,1,6,0.08434923802269623
59335ca6734e2c43fa157e3c22c99a7adb50be61,long_tail_nan_unweighted,1,7,0.08577464998234063
59335ca6734e2c43fa157e3c22c99a7adb50be61,long_tail_nan_weighted,1,1,0.09956252103438601
59335ca6734e2c43fa157e3c22c99a7adb50be61,long_tail_nan_weighted,1,2,0.09994802402798086
59335ca6734e2c43fa157e3c22c99a7adb50be61,long_tail_nan_weighted,1,3,0.09889768803259358
59335ca6734e2c43fa157e3c22c99a7adb50be61,long_tail_nan_weighted,1,4,0.09928883297834545
59335ca6734e2c43fa157e3c22c99a7adb50be61,long_tail_nan_weighted,1,5,0.09956705098738894
59335ca6734e2c43fa157e3c22c99a7adb50be61,long_tail_nan_weighted,1,6,0.09942724503343925
59335ca6734e2c43fa157e3c22c99a7adb50be61,long_tail_nan_weighted,1,7,0.10130395303713158
59335ca6734e2c43fa157e3c22c99a7adb50be61,binary_no_nan_unweighted,1,1,0.12085816694889218
59335ca6734e2c43fa157e3c22c99a7adb50be61,binary_no_nan_unweighted,1,2,0.12128437904175371
59335ca6734e2c43fa157e3c22c99a7adb50be61,binary_no_nan_unweighted,1,3,0.12141449801856652
59335ca6734e2c43fa157e3c22c99a7adb50be61,binary_no_nan_unweighted,1,4,0.11938278801972046
59335ca6734e2c43fa157e3c22c99a7adb50be61,binary_no_nan_unweighted,1,5,0.12062729196622968
59335ca6734e2c43fa157e3c22c99a7adb50be61,binary_no_nan_unweighted,1,6,0.12101947201881558
59335ca6734e2c43fa157e3c22c99a7adb50be61,binary_no_nan_unweighted,1,7,0.12054218800039962
59335ca6734e2c43fa157e3c22c99a7adb50be61,binary_no_nan_weighted,1,1,0.08029727597022429
59335ca6734e2c43fa157e3c22c99a7adb50be61,binary_no_nan_weighted,1,2,0.08103940001456067
59335ca6734e2c43fa157e3c22c99a7adb50be61,binary_no_nan_weighted,1,3,0.08045052899979055
59335ca6734e2c43fa157e3c22c99a7adb50be61,binary_no_nan_weighted,1,4,0.07989987696055323
59335ca6734e2c43fa157e3c22c99a7adb50be61,binary_no_nan_weighted,1,5,0.08075056003872305
59335ca6734e2c43fa157e3c22c99a7adb50be61,binary_no_nan_weighted,1,6,0.08038790500722826
59335ca6734e2c43fa157e3c22c99a7adb50be61,binary_no_nan_weighted,1,7,0.07999193499563262
59335ca6734e2c43fa157e3c22c99a7adb50be61,binary_nan_unweighted,1,1,0.0740264460328035
59335ca6734e2c43fa157e3c22c99a7adb50be61,binary_nan_unweighted,1,2,0.07054427801631391
59335ca6734e2c43fa157e3c22c99a7adb50be61,binary_nan_unweighted,1,3,0.07311555399792269
59335ca6734e2c43fa157e3c22c99a7adb50be61,binary_nan_unweighted,1,4,0.07144688500557095
59335ca6734e2c43fa157e3c22c99a7adb50be61,binary_nan_unweighted,1,5,0.07486708502983674
59335ca6734e2c43fa157e3c22c99a7adb50be61,binary_nan_unweighted,1,6,0.06670335202943534
59335ca6734e2c43fa157e3c22c99a7adb50be61,binary_nan_unweighted,1,7,0.07090561900986359
59335ca6734e2c43fa157e3c22c99a7adb50be61,binary_nan_weighted,1,1,0.0783610989456065
59335ca6734e2c43fa157e3c22c99a7adb50be61,binary_nan_weighted,1,2,0.07623715401859954
59335ca6734e2c43fa157e3c22c99a7adb50be61,binary_nan_weighted,1,3,0.07770277099916711
59335ca6734e2c43fa157e3c22c99a7adb50be61,binary_nan_weighted,1,4,0.07782494398998097
59335ca6734e2c43fa157e3c22c99a7adb50be61,binary_nan_weighted,1,5,0.0762495890376158
59335ca6734e2c43fa157e3c22c99a7adb50be61,binary_nan_weighted,1,6,0.07790559699060395
59335ca6734e2c43fa157e3c22c99a7adb50be61,binary_nan_weighted,1,7,0.07782717200461775
59335ca6734e2c43fa157e3c22c99a7adb50be61,uniform_no_nan_unweighted,8,1,0.09443840099265799
59335ca6734e2c43fa157e3c22c99a7adb50be61,uniform_no_nan_unweighted,8,2,0.10453774896450341
59335ca6734e2c43fa157e3c22c99a7adb50be61,uniform_no_nan_unweighted,8,3,0.08739340800093487
59335ca6734e2c43fa157e3c22c99a7adb50be61,uniform_no_nan_unweighted,8,4,0.09222022799076512
59335ca6734e2c43fa157e3c22c99a7adb50be61,uniform_no_nan_unweighted,8,5,0.07478630798868835
59335ca6734e2c43fa157e3c22c99a7adb50be61,uniform_no_nan_unweighted,8,6,0.0856284320470877
59335ca6734e2c43fa157e3c22c99a7adb50be61,uniform_no_nan_unweighted,8,7,0.10527808096958324
59335ca6734e2c43fa157e3c22c99a7adb50be61,uniform_no_nan_weighted,8,1,20.184972050017677
59335ca6734e2c43fa157e3c22c99a7adb50be61,uniform_nan_unweighted,8,1,0.0986455450183712
59335ca6734e2c43fa157e3c22c99a7adb50be61,uniform_nan_unweighted,8,2,0.0900730779976584
59335ca6734e2c43fa157e3c22c99a7adb50be61,uniform_nan_unweighted,8,3,0.09519176604226232
59335ca6734e2c43fa157e3c22c99a7adb50be61,uniform_nan_unweighted,8,4,0.09675703197717667
59335ca6734e2c43fa157e3c22c99a7adb50be61,uniform_nan_unweighted,8,5,0.08494126802543178
59335ca6734e2c43fa157e3c22c99a7adb50be61,uniform_nan_unweighted,8,6,0.09827665600460023
59335ca6734e2c43fa157e3c22c99a7adb50be61,uniform_nan_unweighted,8,7,0.10008107201429084
59335ca6734e2c43fa157e3c22c99a7adb50be61,uniform_nan_weighted,8,1,18.082314366998617
59335ca6734e2c43fa157e3c22c99a7adb50be61,long_tail_no_nan_unweighted,8,1,0.06834501901175827
59335ca6734e2c43fa157e3c22c99a7adb50be61,long_tail_no_nan_unweighted,8,2,0.06350645801285282
59335ca6734e2c43fa157e3c22c99a7adb50be61,long_tail_no_nan_unweighted,8,3,0.072226946009323
59335ca6734e2c43fa157e3c22c99a7adb50be61,long_tail_no_nan_unweighted,8,4,0.06474364001769572
59335ca6734e2c43fa157e3c22c99a7adb50be61,long_tail_no_nan_unweighted,8,5,0.0609617949812673
59335ca6734e2c43fa157e3c22c99a7adb50be61,long_tail_no_nan_unweighted,8,6,0.06539179396349937
59335ca6734e2c43fa157e3c22c99a7adb50be61,long_tail_no_nan_unweighted,8,7,0.08522431500023231
59335ca6734e2c43fa157e3c22c99a7adb50be61,long_tail_no_nan_weighted,8,1,0.07703228702303022
59335ca6734e2c43fa157e3c22c99a7adb50be61,long_tail_no_nan_weighted,8,2,0.0639187540509738
59335ca6734e2c43fa157e3c22c99a7adb50be61,long_tail_no_nan_weighted,8,3,0.05990934500005096
59335ca6734e2c43fa157e3c22c99a7adb50be61,long_tail_no_nan_weighted,8,4,0.07063962396932766
59335ca6734e2c43fa157e3c22c99a7adb50be61,long_tail_no_nan_weighted,8,5,0.06445088901091367
59335ca6734e2c43fa157e3c22c99a7adb50be61,long_tail_no_nan_weighted,8,6,0.06341994099784642
59335ca6734e2c43fa157e3c22c99a7adb50be61,long_tail_no_nan_weighted,8,7,0.06228582502808422
59335ca6734e2c43fa157e3c22c99a7adb50be61,long_tail_nan_unweighted,8,1,0.06446465197950602
59335ca6734e2c43fa157e3c22c99a7adb50be61,long_tail_nan_unweighted,8,2,0.07187794201308861
59335ca6734e2c43fa157e3c22c99a7adb50be61,long_tail_nan_unweighted,8,3,0.07199765299446881
59335ca6734e2c43fa157e3c22c99a7adb50be61,long_tail_nan_unweighted,8,4,0.06706674699671566
59335ca6734e2c43fa157e3c22c99a7adb50be61,long_tail_nan_unweighted,8,5,0.08227045502280816
59335ca6734e2c43fa157e3c22c99a7adb50be61,long_tail_nan_unweighted,8,6,0.06308781402185559
59335ca6734e2c43fa157e3c22c99a7adb50be61,long_tail_nan_unweighted,8,7,0.07333494501654059
59335ca6734e2c43fa157e3c22c99a7adb50be61,long_tail_nan_weighted,8,1,0.08065793704008684
59335ca6734e2c43fa157e3c22c99a7adb50be61,long_tail_nan_weighted,8,2,0.0899927860009484
59335ca6734e2c43fa157e3c22c99a7adb50be61,long_tail_nan_weighted,8,3,0.0896185029996559
59335ca6734e2c43fa157e3c22c99a7adb50be61,long_tail_nan_weighted,8,4,0.0841146950260736
59335ca6734e2c43fa157e3c22c99a7adb50be61,long_tail_nan_weighted,8,5,0.09756886801915243
59335ca6734e2c43fa157e3c22c99a7adb50be61,long_tail_nan_weighted,8,6,0.07482495805015787
59335ca6734e2c43fa157e3c22c99a7adb50be61,long_tail_nan_weighted,8,7,0.10174719797214493
59335ca6734e2c43fa157e3c22c99a7adb50be61,binary_no_nan_unweighted,8,1,0.06581283098785207
59335ca6734e2c43fa157e3c22c99a7adb50be61,binary_no_nan_unweighted,8,2,0.06529858795693144
59335ca6734e2c43fa157e3c22c99a7adb50be61,binary_no_nan_unweighted,8,3,0.053658970980904996
59335ca6734e2c43fa157e3c22c99a7adb50be61,binary_no_nan_unweighted,8,4,0.05675701901782304
59335ca6734e2c43fa157e3c22c99a7adb50be61,binary_no_nan_unweighted,8,5,0.05032363801728934
59335ca6734e2c43fa157e3c22c99a7adb50be61,binary_no_nan_unweighted,8,6,0.05888987402431667
59335ca6734e2c43fa157e3c22c99a7adb50be61,binary_no_nan_unweighted,8,7,0.06727900600526482
59335ca6734e2c43fa157e3c22c99a7adb50be61,binary_no_nan_weighted,8,1,0.07950843195430934
59335ca6734e2c43fa157e3c22c99a7adb50be61,binary_no_nan_weighted,8,2,0.07310114800930023
59335ca6734e2c43fa157e3c22c99a7adb50be61,binary_no_nan_weighted,8,3,0.07230340101523325
59335ca6734e2c43fa157e3c22c99a7adb50be61,binary_no_nan_weighted,8,4,0.0681513849995099
59335ca6734e2c43fa157e3c22c99a7adb50be61,binary_no_nan_weighted,8,5,0.08006863697664812
59335ca6734e2c43fa157e3c22c99a7adb50be61,binary_no_nan_weighted,8,6,0.0670063630095683
59335ca6734e2c43fa157e3c22c99a7adb50be61,binary_no_nan_weighted,8,7,0.07252216502092779
59335ca6734e2c43fa157e3c22c99a7adb50be61,binary_nan_unweighted,8,1,0.057443864992819726
59335ca6734e2c43fa157e3c22c99a7adb50be61,binary_nan_unweighted,8,2,0.06872377899708226
59335ca6734e2c43fa157e3c22c99a7adb50be61,binary_nan_unweighted,8,3,0.06902786600403488
59335ca6734e2c43fa157e3c22c99a7adb50be61,binary_nan_unweighted,8,4,0.05952141503803432
59335ca6734e2c43fa157e3c22c99a7adb50be61,binary_nan_unweighted,8,5,0.06599786598235369
59335ca6734e2c43fa157e3c22c99a7adb50be61,binary_nan_unweighted,8,6,0.07379414100432768
59335ca6734e2c43fa157e3c22c99a7adb50be61,binary_nan_unweighted,8,7,0.06805210601305589
59335ca6734e2c43fa157e3c22c99a7adb50be61,binary_nan_weighted,8,1,0.09205150499474257
59335ca6734e2c43fa157e3c22c99a7adb50be61,binary_nan_weighted,8,2,0.0973124029696919
59335ca6734e2c43fa157e3c22c99a7adb50be61,binary_nan_weighted,8,3,0.09160733799217269
59335ca6734e2c43fa157e3c22c99a7adb50be61,binary_nan_weighted,8,4,0.08569710399024189
59335ca6734e2c43fa157e3c22c99a7adb50be61,binary_nan_weighted,8,5,0.07813891302794218
59335ca6734e2c43fa157e3c22c99a7adb50be61,binary_nan_weighted,8,6,0.08318734198110178
59335ca6734e2c43fa157e3c22c99a7adb50be61,binary_nan_weighted,8,7,0.08697098901029676
59335ca6734e2c43fa157e3c22c99a7adb50be61,uniform_no_nan_unweighted,172,1,0.20074463495984674
59335ca6734e2c43fa157e3c22c99a7adb50be61,uniform_no_nan_unweighted,172,2,0.2070872979820706
59335ca6734e2c43fa157e3c22c99a7adb50be61,uniform_no_nan_unweighted,172,3,0.2095637430320494
59335ca6734e2c43fa157e3c22c99a7adb50be61,uniform_no_nan_unweighted,172,4,0.21217264200095087
59335ca6734e2c43fa157e3c22c99a7adb50be61,uniform_no_nan_unweighted,172,5,0.21080066700233147
59335ca6734e2c43fa157e3c22c99a7adb50be61,uniform_no_nan_unweighted,172,6,0.20823452400509268
59335ca6734e2c43fa157e3c22c99a7adb50be61,uniform_no_nan_unweighted,172,7,0.21039024600759149
59335ca6734e2c43fa157e3c22c99a7adb50be61,uniform_no_nan_weighted,172,1,31.47317639098037
59335ca6734e2c43fa157e3c22c99a7adb50be61,uniform_nan_unweighted,172,1,0.22235882899258286
59335ca6734e2c43fa157e3c22c99a7adb50be61,uniform_nan_unweighted,172,2,0.22995075001381338
59335ca6734e2c43fa157e3c22c99a7adb50be61,uniform_nan_unweighted,172,3,0.2187823699787259
59335ca6734e2c43fa157e3c22c99a7adb50be61,uniform_nan_unweighted,172,4,0.2170248170150444
59335ca6734e2c43fa157e3c22c99a7adb50be61,uniform_nan_unweighted,172,5,0.22033267398364842
59335ca6734e2c43fa157e3c22c99a7adb50be61,uniform_nan_unweighted,172,6,0.2137527210288681
59335ca6734e2c43fa157e3c22c99a7adb50be61,uniform_nan_unweighted,172,7,0.21095051296288148
59335ca6734e2c43fa157e3c22c99a7adb50be61,uniform_nan_weighted,172,1,25.496174874017015
59335ca6734e2c43fa157e3c22c99a7adb50be61,long_tail_no_nan_unweighted,172,1,0.1941165379830636
59335ca6734e2c43fa157e3c22c99a7adb50be61,long_tail_no_nan_unweighted,172,2,0.17452692799270153
59335ca6734e2c43fa157e3c22c99a7adb50be61,long_tail_no_nan_unweighted,172,3,0.17729225801303983
59335ca6734e2c43fa157e3c22c99a7adb50be61,long_tail_no_nan_unweighted,172,4,0.18100197601597756
59335ca6734e2c43fa157e3c22c99a7adb50be61,long_tail_no_nan_unweighted,172,5,0.1756027239607647
59335ca6734e2c43fa157e3c22c99a7adb50be61,long_tail_no_nan_unweighted,172,6,0.18023257300956175
59335ca6734e2c43fa157e3c22c99a7adb50be61,long_tail_no_nan_unweighted,172,7,0.17348235700046644
59335ca6734e2c43fa157e3c22c99a7adb50be61,long_tail_no_nan_weighted,172,1,0.21090693899895996
59335ca6734e2c43fa157e3c22c99a7adb50be61,long_tail_no_nan_weighted,172,2,0.20718956302152947
59335ca6734e2c43fa157e3c22c99a7adb50be61,long_tail_no_nan_weighted,172,3,0.1941271080286242
59335ca6734e2c43fa157e3c22c99a7adb50be61,long_tail_no_nan_weighted,172,4,0.1915789120248519
59335ca6734e2c43fa157e3c22c99a7adb50be61,long_tail_no_nan_weighted,172,5,0.2021484729484655
59335ca6734e2c43fa157e3c22c99a7adb50be61,long_tail_no_nan_weighted,172,6,0.19194309000158682
59335ca6734e2c43fa157e3c22c99a7adb50be61,long_tail_no_nan_weighted,172,7,0.19646005798131227
59335ca6734e2c43fa157e3c22c99a7adb50be61,long_tail_nan_unweighted,172,1,0.1858937389915809
59335ca6734e2c43fa157e3c22c99a7adb50be61,long_tail_nan_unweighted,172,2,0.18876561697106808
59335ca6734e2c43fa157e3c22c99a7adb50be61,long_tail_nan_unweighted,172,3,0.19147844600956887
59335ca6734e2c43fa157e3c22c99a7adb50be61,long_tail_nan_unweighted,172,4,0.1913933900068514
59335ca6734e2c43fa157e3c22c99a7adb50be61,long_tail_nan_unweighted,172,5,0.1892920919926837
59335ca6734e2c43fa157e3c22c99a7adb50be61,long_tail_nan_unweighted,172,6,0.18505672801984474
59335ca6734e2c43fa157e3c22c99a7adb50be61,long_tail_nan_unweighted,172,7,0.19320000399602577
59335ca6734e2c43fa157e3c22c99a7adb50be61,long_tail_nan_weighted,172,1,0.21549031196627766
59335ca6734e2c43fa157e3c22c99a7adb50be61,long_tail_nan_weighted,172,2,0.21407704101875424
59335ca6734e2c43fa157e3c22c99a7adb50be61,long_tail_nan_weighted,172,3,0.20222035900224
59335ca6734e2c43fa157e3c22c99a7adb50be61,long_tail_nan_weighted,172,4,0.21651826397283003
59335ca6734e2c43fa157e3c22c99a7adb50be61,long_tail_nan_weighted,172,5,0.2209530469845049
59335ca6734e2c43fa157e3c22c99a7adb50be61,long_tail_nan_weighted,172,6,0.2366553570027463
59335ca6734e2c43fa157e3c22c99a7adb50be61,long_tail_nan_weighted,172,7,0.23360313498415053
59335ca6734e2c43fa157e3c22c99a7adb50be61,binary_no_nan_unweighted,172,1,0.1782738519832492
59335ca6734e2c43fa157e3c22c99a7adb50be61,binary_no_nan_unweighted,172,2,0.18248359498102218
59335ca6734e2c43fa157e3c22c99a7adb50be61,binary_no_nan_unweighted,172,3,0.17911401204764843
59335ca6734e2c43fa157e3c22c99a7adb50be61,binary_no_nan_unweighted,172,4,0.16833452502032742
59335ca6734e2c43fa157e3c22c99a7adb50be61,binary_no_nan_unweighted,172,5,0.17913991399109364
59335ca6734e2c43fa157e3c22c99a7adb50be61,binary_no_nan_unweighted,172,6,0.17267452902160585
59335ca6734e2c43fa157e3c22c99a7adb50be61,binary_no_nan_unweighted,172,7,0.17405535699799657
59335ca6734e2c43fa157e3c22c99a7adb50be61,binary_no_nan_weighted,172,1,0.20226546697085723
59335ca6734e2c43fa157e3c22c99a7adb50be61,binary_no_nan_weighted,172,2,0.202352142019663
59335ca6734e2c43fa157e3c22c99a7adb50be61,binary_no_nan_weighted,172,3,0.20114641304826364
59335ca6734e2c43fa157e3c22c99a7adb50be61,binary_no_nan_weighted,172,4,0.19900124898413196
59335ca6734e2c43fa157e3c22c99a7adb50be61,binary_no_nan_weighted,172,5,0.19954540999606252
59335ca6734e2c43fa157e3c22c99a7adb50be61,binary_no_nan_weighted,172,6,0.1995434900163673
59335ca6734e2c43fa157e3c22c99a7adb50be61,binary_no_nan_weighted,172,7,0.2025163809885271
59335ca6734e2c43fa157e3c22c99a7adb50be61,binary_nan_unweighted,172,1,0.18891279003582895
59335ca6734e2c43fa157e3c22c99a7adb50be61,binary_nan_unweighted,172,2,0.19222082500346005
59335ca6734e2c43fa157e3c22c99a7adb50be61,binary_nan_unweighted,172,3,0.18539000902092084
59335ca6734e2c43fa157e3c22c99a7adb50be61,binary_nan_unweighted,172,4,0.17630011000437662
59335ca6734e2c43fa157e3c22c99a7adb50be61,binary_nan_unweighted,172,5,0.18589319102466106
59335ca6734e2c43fa157e3c22c99a7adb50be61,binary_nan_unweighted,172,6,0.18255783698987216
59335ca6734e2c43fa157e3c22c99a7adb50be61,binary_nan_unweighted,172,7,0.18849761795718223
59335ca6734e2c43fa157e3c22c99a7adb50be61,binary_nan_weighted,172,1,0.21543014998314902
59335ca6734e2c43fa157e3c22c99a7adb50be61,binary_nan_weighted,172,2,0.21057591395219788
59335ca6734e2c43fa157e3c22c99a7adb50be61,binary_nan_weighted,172,3,0.21155519702006131
59335ca6734e2c43fa157e3c22c99a7adb50be61,binary_nan_weighted,172,4,0.21464823704445735
59335ca6734e2c43fa157e3c22c99a7adb50be61,binary_nan_weighted,172,5,0.2169779579853639
59335ca6734e2c43fa157e3c22c99a7adb50be61,binary_nan_weighted,172,6,0.20661888597533107
59335ca6734e2c43fa157e3c22c99a7adb50be61,binary_nan_weighted,172,7,0.21063136000884697
