case,backend,included,n_samples,n_features,dtype,task,n_jobs,median_fit_time,min_fit_time,max_fit_time,variability_ratio,repeats,max_case_ok,reason
clf_12f_full_deep,sklearn_hist_255,True,28000,12,float32,classification,1,0.768111167504685,0.763695650966838,0.7969651910243556,0.04331344402347159,10,True,
clf_12f_full_deep,sklearnex_255,True,28000,12,float32,classification,1,0.5762794089969248,0.5663731169770472,0.5946220399928279,0.049019490501926805,10,True,
clf_12f_shallow_bootstrap,sklearn_hist_255,True,28000,12,float32,classification,1,0.3856361524958629,0.3809067530091852,0.40971977601293474,0.07471556496264611,10,True,
clf_12f_shallow_bootstrap,sklearnex_255,True,28000,12,float32,classification,1,0.30415385350352153,0.30012497602729127,0.31033363100141287,0.03356411518883946,10,True,
clf_24f_low_card,sklearn_hist_255,True,30000,24,float32,classification,1,0.7471461535023991,0.7033276000292972,0.785267497994937,0.10967050767982936,10,True,
clf_24f_low_card,sklearnex_255,True,30000,24,float32,classification,1,0.5111104289826471,0.4760100429994054,0.5591736690257676,0.16271165938033655,10,True,
clf_96f_sqrt_leaf8,sklearn_hist_255,True,10000,96,float32,classification,1,0.4767139094765298,0.4287861780030653,0.5056275319657288,0.1611896620491765,10,True,
clf_96f_sqrt_leaf8,sklearnex_255,True,10000,96,float32,classification,1,0.28698091450496577,0.2834979569888674,0.2950580200413242,0.04028164406820439,10,True,
reg_12f_full_deep,sklearn_hist_255,True,24000,12,float32,regression,1,1.7720894774829503,1.7413253670092672,1.810509432980325,0.039040955239645056,10,True,
reg_12f_full_deep,sklearnex_255,True,24000,12,float32,regression,1,1.1961292164924089,1.1855066560092382,1.3265338150085881,0.11790294648341193,10,True,
reg_12f_full_f64,sklearn_hist_255,True,16000,12,float64,regression,1,1.1539428054820746,1.1510315709747374,1.1903671270119958,0.03408795986281609,10,True,
reg_12f_full_f64,sklearnex_255,True,16000,12,float64,regression,1,0.7892041919985786,0.7847669270122424,0.8219221420004033,0.047079343172353294,10,True,
reg_12f_shallow_bootstrap,sklearn_hist_255,True,24000,12,float32,regression,1,0.390259526000591,0.3845537009765394,0.40291162295034155,0.047040291782075166,10,True,
reg_12f_shallow_bootstrap,sklearnex_255,True,24000,12,float32,regression,1,0.28726259546238,0.2848780110361986,0.2930192580097355,0.028340783318596345,10,True,
reg_1f_deep_full,sklearn_hist_255,True,60000,1,float32,regression,1,0.1435431240242906,0.14248433097964153,0.14398174901725724,0.01043183397180572,10,True,
reg_1f_deep_full,sklearnex_255,True,60000,1,float32,regression,1,0.10421135000069626,0.10360932000912726,0.10523186600767076,0.015569762780471228,10,True,
reg_24f_low_card,sklearn_hist_255,True,30000,24,float32,regression,1,1.7646169124927837,1.6619974689674564,2.041399884968996,0.21500554217491735,10,True,
reg_24f_low_card,sklearnex_255,True,30000,24,float32,regression,1,1.318628044507932,1.2432062440202571,1.4106229050084949,0.12696276382526964,10,True,
reg_80f_sqrt_leaf8,sklearn_hist_255,True,9000,80,float32,regression,1,0.3103001410199795,0.30654746503569186,0.35281349200522527,0.14910088927917842,10,True,
reg_80f_sqrt_leaf8,sklearnex_255,True,9000,80,float32,regression,1,0.16523841099115089,0.16350916196824983,0.18468897102866322,0.12817727387579178,10,True,
